Word 1	Word 2+	Def 1	Def 2	
act	out	misbehave		
act	up	misbehave		
acted	out	misbehave		
acted	up	misbehave		
acting	out	misbehave		
acting	up	misbehave		
acts	up	misbehave		
add	up	figure out		
add	up	put together		
add	up to	amalgamate		
added	up	seemed		
adding	up	seems		
adds	up	seems		
around	to	do		
ask	around	inquire		
ask	away	ask		
asked	around	inquire		
asking	around	inquire		
back	* up	reverse	reinforce	
back	away	retreat		
back	down	retreat	concede	
back	off	retreat		
back	out	withdraw		
back	out of	withdraw		
back	up	move back	reinforce	
backed	away	move back		
backed	down	retreated	conceded	
backed	off	withdraw		
backed	up	reverse	reinforced	
backing	away	withdraw		
backing	down	retreating	conceding	
backing	off	retreating		
backing	up	retreating	reinforcing	
backs	away	retreats		
backs	down	retreats	concedes	
backs	off	withdraws		
backs	up	retreats	concedes	
bandaged	up	wrapped		
bandied	about	go back and forth	circulate freely	
bang	out	finish		
banged	down	assailed		
banged	out	finished		
banged	up	damaged		
banging	away	hitting		
banging	out	finishing		
bangs	out	hits		
barked	out	yelled		
barking	out	yelling		
barks	out	yells		
bat	around	hit		
batted	around	hit		
bawl	* out	bawl		
be	along	coming		
bear	down	strain		
bear	down on	burden		
bear	on	burden		
bear	up	bear		
bear	up under	bear		
bear	with	deal		
bearing	down	straining		
bears	down	strains		
beat	down	drained	assailed	
beat	out	prevail		
beat	up	assault		
beaten	down	assailed		
beaten	out	prevail		
beaten	up	assault		
beating	down	assails		
beating	out	prevailing		
beating	up	assaulting		
beats	down	assults		
beats	out	prevails		
beats	up	assaults		
bedded	down	slept		
bedding	down	sleeping		
been	around	seen		
been	down	saddened		
began	to	started		
belched	out	burped		
belt	out	sing		
belted	out	sung		
belting	out	singing		
belts	out	sings		
billowed	out	spilled		
billowing	out	spilling		
billows	out	spills		
bit	out	bit		
bite	off	chew		
bite	out	bites		
bites	off	chews		
bites	out	bites		
biting	off	chewing		
bitten	off	chewed		
black	out	darken	forget	
blacked	out	darkened	forgot	
blacking	out	darkening	forgetting	
blacks	out	darkens	forgets	
blank	out	forget		
blanked	out	forgot		
blast	away	blast		
blast	off	explode		
blast	out	expose		
blasted	away	blasted		
blasted	off	exploded		
blasted	out	exposed		
blasting	away	blasting		
blasting	off	expolding		
blasting	out	exposing		
blasts	away	blasts		
blasts	off	explodes		
blasts	out	exposes		
blazing	away	flaming		
bleached	out	whitened		
bled	out	died		
bleed	out	dying		
bleeding	out	dying		
blew	apart	destroyed		
blew	away	annihilated		
blew	off	ignored		
blew	out	extiguished		
blew	up	inflated	destroyed	
block	off	obstruct		
block	out	forgot	map	
block	up	enclose		
blocked	off	obstructed		
blocked	out	forgot	map	
blocked	up	enclosed		
blocking	off	obstructing		
blocking	out	forgetting	mapping	
blocks	off	obstructs		
blocks	out	forgets	maps	
blocks	up	encloses		
blot	out	dab		
blots	out	dabs		
blotted	out	dabbed		
blotting	out	dabbing		
blow	* up	destroy		
blow	away	impress		
blow	in	blow		
blow	off	ignore		
blow	out	extinguish		
blow	over	pass		
blow	up	inflate	destroy	
blow	apart	destroy		
blowing	away	impressing		
blowing	off	ignoring		
blowing	out	extinguishing		
blowing	up	inflating	destroying	
blown	about	destroyed		
blown	apart	destroyed		
blown	away	impressed		
blown	off	ignored		
blown	out	extinguished		
blown	up	inflated	destroyed	
blows	away	impresses		
blows	off	ignores		
blows	out	extinguishes		
blows	up	inflates	destroys	
blurt	out	yell		
blurted	out	yelled		
blurting	out	yelling		
blurts	out	yells		
board	up	close		
boarded	up	closed		
boarding	up	closing		
bogged	down	weighted		
bogging	down	weighing		
bogs	down	weighs		
boil	away	bubble		
boil	down to	conclude		
boil	up	bubble		
boiled	away	bubbled		
boiled	down	concluded		
boiled	up	bubbled		
boiling	down	concluding		
boiling	up	bubbling		
boils	down	concludes		
bolt	out	run		
bolted	down	secured		
bolted	out	ran		
bolted	up	secured		
bolts	out	runs		
bolts	up	secures		
bomb	out	bomb		
bombed	out	bombed		
boot	up	start		
booted	out	dismissed		
booted	up	started		
booting	up	starting		
boots	up	starts		
bore	out	drill		
boss	around	control		
bossed	around	controlled		
bottle	up	suppress		
bottled	up	suppressed		
bottling	up	suppressing		
bottom	out	wreck		
bottomed	out	wrecked		
bottoming	out	wrecking		
bottoms	out	wrecks		
bounce	around	jiggle		
bounce	back	recover		
bounce	off	confer		
bounced	around	jiggled		
bounced	back	recoved		
bounced	off	conferred		
bounces	around	jiggles		
bounces	back	recovers		
bounces	off	confers		
bouncing	around	jiggling		
bouncing	back	recovering		
bouncing	off	conferring		
bound	up	tied	jump	
bounded	up	tied	jumped	
bounding	up	tying	jumping	
bounds	up	ties	jumps	
bow	out	leave		
bowed	out	left		
bowing	out	leaving		
bows	out	leaves		
box	out	obstruct		
box	up	pack		
boxed	up	packed		
boxes	out	obstructs		
branch	off	explore		
branch	out	explore		
branched	off	explored		
branched	out	explored		
branches	off	explores		
branches	out	explores		
branching	off	exploring		
branching	out	exploring		
break	* down	deconstruct	malfunction	
break	* in	ware	wear	
break	* off	chip		
break	*up	break		
break	apart	split		
break	away	remove	excape	
break	down	dismantle	malfunction	
break	in	burglarize	ware	wear
break	in on	intrude		
break	into	burglarize	start	
break	off	remove		
break	out	escape		
break	out of	escape		
break	up	smash	end relationship	
breaking	apart	splitting		
breaking	away	removing	escaping	
breaking	down	dismantling	malfunctioning	
breaking	off	removing		
breaking	up	smashing	ending relationship	
breaks	apart	splits		
breaks	away	removes	escapes	
breaks	down	dismantles	malfunctions	
breaks	off	removes		
breaks	up	smashes	ends relationship	
breathing	down	looming		
brew	up	cook		
brewed	up	cooked		
brighten	up	lighten		
brightened	up	lightened		
brightens	up	lightens		
bring	* about	revolutionize		
bring	* along	bring		
bring	* around	bring		
bring	* away	dismiss		
bring	* off	send		
bring	* on	bring	challenge	
bring	* out	bring	present	
bring	* over	bring		
bring	* to	bring		
bring	* up	bring	inquire	
bring	down	depress		
bring	out	present		
bring	up	discuss		
bringing	down	depressing		
bringing	out	presenting		
bringing	up	discussing		
brings	down	depresses		
brings	out	presents		
brings	up	discusses		
broke	apart	split		
broke	away	removed	escaped	
broke	down	dismantled	malfunctioned	
broke	off	removed		
broke	out	discovered		
broke	up	ended relationship		
broken	away	diverged		
broken	down	dismantled	malfuntioned	
broken	off	removed		
broken	out	discovered		
broken	up	sad		
brought	down	depressed		
brought	out	presented		
brought	up	discussed		
brush	* off	be unretaliative	ignore	
brush	away	sweep		
brush	back	warn		
brush	off	ignore		
brush	out	brush		
brush	up	refresh		
brushed	away	swept		
brushed	back	warned		
brushed	off	ignored		
brushed	out	dispensed		
brushed	up	refreshed		
brushes	off	ignores		
brushing	away	sweeping		
brushing	back	warning		
brushing	off	ignoring		
brushing	up	refreshing		
bubble	up	boil		
bubbled	up	boiled		
bubbles	up	boils		
bubbling	up	boiling		
buck	up			
buckle	up	secure		
buckled	up	secured		
bug	out	freak		
bugged	out	freaked		
bugging	out	freaking		
bugs	out	freaks		
build	out	construct		
build	up	encourage		
building	out	constructing		
building	up	encouraging		
builds	up	ecourages		
built	out	constructed		
built	up	encouraged		
bulk	up	expand		
bulked	up	expanded		
bulking	up	expanding		
bum	out	depress		
bummed	out	depressed		
bump	up	advance		
bumped	out	advanced		
bumped	up	advanced		
bumping	up	advancing		
bumps	up	advances		
bunch	up	group together		
bunched	up	grouped together		
bunching	up	grouping together		
bundle	up	group together	dress warm	
bundled	up	grouped together	dressed warm	
bundling	up	grouping together	dressing warm	
burn	* down	burn	slander	
burn	* up	burn		
burn	away	ignite		
burn	down	torch		
burn	out	tire	quit	
burn	out	tire	quit	
burn	up	ignite		
burn	up	burn		
burn	up	burn		
burned	away	ignited		
burned	down	torched		
burned	out	tired	quit	
burned	up	ignited		
burning	away	igniting		
burning	down	torching		
burning	out	tiring	quitting	
burning	up	igniting		
burns	down	torches		
burns	out	tires	quits	
burns	up	ignites		
burnt	down	torched		
burnt	out	tired	quit	
burnt	up	ignited		
burst	out	erupt		
bursting	out	erupting		
bursts	out	erupts		
bust	out	overflow	escape	
bust	up	laughing		
busted	out	overflowed	escaped	
busted	up	laughed		
busting	out	overflowing	escaping	
busting	up	laughing		
butt	out	keep away		
button	down	focus		
button	up	fasten	keep quiet	
buttoned	down	focused		
buttoned	up	fastened	kept quiet	
buttoning	up	fastening	keeping quiet	
buttons	down	fastens	keeps quiet	
buy	* out	purchase		
buy	* up	purchase	believe	
buying	up	buy		
buzz	around	interfere	flutter	
buzz	off	leave		
buzzed	about	interferred	fluttered	
buzzed	around	interferred	fluttered	
buzzing	around	interferring	fluttering	
caked	on	slathered		
call	* off	terminate		
call	* up	call	retrieve	
call	around	inquire		
call	around	search		
call	away	divert		
call	back	summon		
call	for	beckon		
call	on	request		
call	out	challenge	exclaim	
call	up	contact		
called	around	inquired		
called	away	diverted		
called	back	summoned		
called	off	cancelled		
called	on	asked		
called	out	challenged	exclaimed	
called	up	contacted		
calling	around	inquiring		
calling	back	summoning		
calling	off	canceling		
calling	out	challenging	exclaiming	
calling	up	contacting		
calls	around	inquires		
calls	back	returned a call		
calls	off	cancels		
calls	out	challenges	exclaims	
calls	up	contacts		
calm	* down	calm		
calmed	down	soothed		
calming	down	soothing		
calms	down	sooths		
came	about	discovered		
came	along	approached		
came	apart	separated		
came	around	conformed		
came	down	descended		
came	off	separated		
came	out	emerged		
came	up	ascended		
camp	out	camp		
camped	out	camped		
camping	out	camping		
cancel	out	end		
canceled	out	ended		
canceling	out	ending		
cancelled	out	ended		
cancels	out	ends		
cap	off	enclose		
capped	off	enclosed		
capping	off	enclosing		
care	for	care		
carried	away	carried		
carried	off	removed		
carried	out	completed		
carries	off	removes		
carries	out	completes		
carry	* out	execute		
carry	* over	carry		
carry	away	remove		
carry	off	remove		
carry	on	proceed		
carry	on about	proceed		
carry	on with	proceed		
carry	out	complete		
carrying	away	removing		
carrying	off	removing		
carrying	out	completing		
carted	off	removed		
carve	out	chisel		
carved	out	chiselled		
carves	out	chisels		
carving	out	chiselling		
cash	out	liquidate		
cashed	out	liquidated		
cashing	out	liquidating		
cast	off	reject		
cast	out	banish		
casting	about	fishing	searching	
casting	off	rejecting		
casting	out	banishing		
casts	off	rejects		
catch	on	understand		
catch	up	catch	chat	
catch	up on	reacclimate		
catch	up with	chat		
catches	up	understands		
catching	up	understanding		
caught	off	surprised		
caught	on	understand		
caught	up	absorbed	caught up to?	
chain	off	demarcate		
change	out	substitute		
change	up	move around		
changed	out	substituted		
changing	out	substituting		
charge	up	excite	give power to	
charged	up	excited	gave power to	
charges	up	excites	gives power to	
charging	up	exciting	giving power to	
chase	down	hunt		
chased	down	hunted		
chased	off	ran after		
chasing	down	hunting		
chat	up	talk		
chatted	up	talked		
chatting	up	talking		
cheat	on	cheat		
check	* off	accouunt for		
check	* out	direct attention		
check	* over	examine		
check	* through	give clearance		
check	back	revisit		
check	by	check		
check	for	search		
check	in	show attendance		
check	into	research		
check	off	mark		
check	on	get status		
check	out	explore		
check	out	examine	leave	
check	out of	leave		
check	up	look in on	examination?	
check	up on	meet	get status	
check	with	inquire		
checked	off	marked		
checked	out	explored		
checked	up	looked in on		
checking	off	marked		
checking	out	examining		
checking	up	looking in on		
checks	out	leaves		
cheer	* up	revitalize		
cheer	up	feel happy		
cheered	up	encourage		
cheering	up	encouraging		
chew	* up	chew	beat	eat
chewed	off	eaten		
chewed	out	scold		
chewed	up	eaten		
chewing	up	eating		
chews	up	eats		
chicken	out	abandon		
chickened	out	abandoned		
chill	out	calm		
chilled	out	calmed		
chilling	out	calming		
chip	off	break		
chipped	off	broken		
choke	down	swallow		
choke	off	choke		
choke	out	strangle		
choke	up	cry		
choked	down	swallowed		
choked	off	choked		
choked	out	strangled		
choked	up	cried		
chokes	up	cries		
choking	down	swallowing		
choking	off	repressing		
choking	up	crying		
chop	* down	chop		
chop	* up	chop		
chop	off	cut		
chopped	down	cut		
chopped	off	cut		
chopped	up	cut		
chopping	down	cutting		
chopping	off	cutting		
chopping	up	cutting		
chow	down	eat		
chowing	down	eating		
churn	out	produce		
churn	up			
churned	out	produced		
churned	up			
churning	out	producing		
churning	up			
churns	out	produces		
circle	about	walk around		
circle	back	return		
circled	back	returned		
circles	about	walks around		
circles	back	returns		
circling	back	returning		
circulated	about	walked around		
circulating	about	walking around		
clam	up	shut		
clamber	up	climb		
clambered	up	climbed		
clambering	up	climbing		
clammed	up	shut		
clamp	down	secure		
clamped	down	secured		
clamping	down	securing		
clamps	down	secures		
clams	up	shuts		
clean	* up	clean		
clean	off	wash		
clean	out	empty		
cleaned	off	washed		
cleaned	out	emptied		
cleaned	up	washed	profitted	
cleaning	off	washing		
cleaning	out	emptying		
cleaning	up	washing	profitting	
cleans	out	empties		
cleans	up	washes	profits	
clear	* up	clarify		
clear	off	remove		
clear	out	clear		
cleared	off	removed		
cleared	out	removed		
cleared	up	clarified	became sunny	
clearing	out	removing		
clearing	up	clarifying	becoming sunny	
clears	up	clarify	becomes sunny	
climb	out	ascend		
climb	up	ascend		
climbed	out	ascend		
climbed	up	ascended		
climbing	out	ascending		
climbing	up	ascending		
climbs	out	ascends		
climbs	up	ascends		
clock	out	stop work		
clocked	out	stopped work		
clog	up	cram		
clogged	up	crammed		
clogging	up	cramming		
close	* down	close		
close	* up	close		
close	down	close		
close	in on	constrict	chase	
close	off	shut		
close	off	contain		
close	out	end	sale	
close	up	shut		
closed	down	terminate		
closed	off	shut		
closed	out	ended		
closed	up	shut		
closes	down	terminates		
closes	off	shuts		
closes	up	shuts		
closing	down	terminating		
closing	off	shutting		
closing	out	ending		
closing	up	shutting		
clothes	up	dresses		
clutter	up	dirty		
cluttering	up	dirtying		
coiled	up	wound		
come	about	visit	occur	
come	across	find	cross	
come	after	follow		
come	along	follow		
come	along	occur	accompany	
come	along with	accompany		
come	away	leave		
come	back	return		
come	between	divides		
come	by	visit		
come	by	visit	find	
come	down with	contract		
come	from	originate		
come	into	come		
come	off	seems		
come	off	remove		
come	out	emerge		
come	out	reveal	release	
come	out with	release		
come	over	visit		
come	through	fulfill		
come	to	wake	come	
come	up	ascend		
come	up to	visit		
come	up with	have	imagine	
come	with	include	accompany	
come	again	return		
comes	between	divides		
comes	off	remove		
comes	out	emerges		
comes	up	ascends		
comes	after	follows		
coming	between	dividing		
coming	off	removing		
coming	up	ascending		
conjure	up	think		
conjured	up	thunk		
conjures	up	thinks		
conjuring	up	thinking		
connect	up	connect		
contract	out	hire		
contracted	out	hired		
contracting	out	hiring		
contracts	out	hires		
cook	out	prepare		
cook	up	prepare		
cooked	up	prepared		
cooking	out	preparing		
cooking	up	preparing		
cooks	up	prepares		
cool	down	chill		
cool	off	chill		
cooled	down	chilled		
cooled	off	chilled		
cooling	down	chilling		
cooling	off	chilling		
cools	down	chills		
cools	off	chills		
cooped	up	enclosed		
cop	out	leave		
copied	down	transcribed		
copping	out	leaving		
cordon	off	secure		
cordoned	off	secured		
cough	up	give		
coughed	out			
coughed	up	gave		
coughing	up	giving		
coughs	up	gives		
count	* in	count		
count	* out	count		
count	* up	count		
count	down	count		
count	off	count		
count	on	count		
count	on	depend		
count	out	disregard		
count	up	count		
counted	down	counted		
counted	off	counted		
counted	on	counted		
counted	out	counted		
counted	up	counted		
counting	down	counting		
counting	off	counting		
counting	out	counting		
counting	up	counting		
counts	on	counts		
counts	out	counts		
cover	up	conceal		
covered	up	concealed		
covering	up	concealing		
covers	up	conceals		
cozied	up	snuggled		
cozy	up	snuggle		
cozying	up	snuggling		
crack	down on	stricten		
crack	up			
crack	up	laugh	break	
crack	up at	laugh		
cracked	up	laughed		
cracking	up	laughing		
cracks	up	laughs		
crank	out	crank		
crank	up	crank		
cranked	out	cranked		
cranked	up	cranked		
cranking	out	cranking		
cranking	up	cranking		
cranks	out	cranks		
cranks	up	cranks		
crap	out	lose		
crapped	out	lost		
crashed	out	slept		
crashing	out	sleeping		
crawl	back	crawl		
crawl	off	crawl		
crawl	out	crawl		
crawl	up	crawl		
crawled	along	crawled		
crawled	back	crawled		
crawled	off	crawled		
crawled	out	crawled		
crawled	up	crawled		
crawling	back	crawling		
crawling	out	crawling		
crawling	up	crawling		
crawls	out	crawls		
crawls	up	crawls		
creep	out	sneak		
creep	up	sneak		
creeped	out	sneak		
creeping	out	sneaking		
creeping	up	sneaking		
creeps	out	sneaks		
creeps	up	sneaks		
crept	along	crept		
crept	out	crept		
crept	up	crept		
crew	up	crew		
cried	out	sobbed		
cries	out	sobs		
crop	up	emerge		
cropped	up	emerged		
cropping	up	emerging		
crops	up	emerges		
cross	* out	cross		
cross	off	mark through		
cross	out	mark through		
crossed	off	marked through		
crossed	out	marked through		
crosses	out	marks through		
crossing	out	marking through		
crouch	down	squat		
crouched	down	squatted		
crouches	down	squats		
crouching	down	squatting		
crowd	out	push away		
crowded	out	pushed away		
crowding	out	pushing away		
crowds	out	pushes		
crumbled	away	deteriorated		
crumpled	up	wrinkled		
crushed	out	squished		
cry	out	sob		
crying	out	sobbing		
cuddle	up	snuggle		
cuddled	up	snuggled		
cuddling	up	snuggling		
cue	up	cue		
cued	up	cued		
curl	up	coil		
curled	up	coiled		
curling	up	coiling		
curls	up	coils		
cursed	out	chided		
curved	up	curved		
curving	up	curving		
cut	* off	terminate		
cut	* out	stop		
cut	* up	cut		
cut	back	reduce		
cut	down	cut	reduce	
cut	down on	reduce		
cut	in	interrupt		
cut	in on	interrupt		
cut	off	chop		
cut	out	remove		
cut	up	chop	laugh	
cuts	off	chops		
cuts	out	removes		
cuts	up	chops	laughs	
cutting	off	chopping		
cutting	out	removing		
cutting	up	chopping	laughing	
dance	about	gyrate		
danced	about	gyrated		
danced	up	gyrate		
dancing	about	gyrating		
dancing	up	gyrating		
dangling	off	hanging		
dart	about	scurrying		
dart	around	scurrying		
dart	out	scurry		
darted	about	scurried		
darted	around	scurried		
darted	off	scurried		
darted	out	scurried		
darted	up	scurried		
darting	about	scurrying		
darting	around	scurrying		
darting	out	scurrying		
darts	out	scurries		
dash	off	leave		
dash	out	leave		
dash	up	leave		
dashed	off	left		
dashed	out	left		
dashed	up	left		
dashes	off	leaves		
dashes	out	leaves		
dashing	off	leaving		
dashing	out	leaving		
deliver	up	deliver		
delivered	up	delivered		
dial	up	call		
dialed	up	called		
dialing	up	calling		
die	away	die		
die	down	settle		
die	off	die	end	
die	out	die		
die	out	die	fade	
died	down	mellowed		
died	out	mellowed		
dies	down	mellows		
dies	out	mellows		
dig	out	dig		
dig	up	dig		
digging	out	digging		
digging	up	digging		
digs	out	digs		
digs	up	digs		
dine	out	eat		
dined	out	eat		
dining	out	eating		
disagree	with	disagree		
dish	out	serve		
dish	up	serve		
dished	out	served		
dished	up	served		
dishes	out	serves		
dishes	up	serves		
dishing	out	serving		
dishing	up	serving		
divide	up	divide		
divided	up	divided		
dividing	up	dividing		
divvied	up	distributed		
divvy	up	distribute		
divvying	up	distributing		
do	* over	retry		
do	away with	dismiss		
do	up	fasten		
do	without	forgo		
dole	out	divvy		
doled	out	divvied		
doles	out	divvies		
doling	out	divvying		
dolled	up	fancied		
doped	up	drugged		
double	up	double		
doubled	up	doubled		
doubling	up	doubling		
dove	out	dove		
doze	off	sleep		
drafted	out	drafted		
drag	along	pull		
drag	down	pull		
drag	off	drag		
drag	on	extend		
drag	out	extend		
dragged	along	pulled		
dragged	away	pulled		
dragged	down	pulled		
dragged	off	dragged		
dragged	on	extended		
dragged	out	extended		
dragging	along	pulling		
dragging	down	pulling		
dragging	on	extending		
dragging	out	extending		
drags	out	extends		
drain	off	drain		
drain	out	drain		
drained	off	drained		
drained	out	drained		
draining	out	draining		
drains	out	drains		
drank	up	imbibed		
draw	* up	plan		
draw	away	draw		
draw	down	draw		
draw	off	draw		
draw	out	extract		
draw	up	mock		
drawing	away	drawing		
drawing	down	drawing		
drawing	out	extracting		
drawing	up	mocking		
drawn	away	drawn		
drawn	down	drawn		
drawn	off	drawn		
drawn	out	extracted		
drawn	up	mocked		
draws	out	extracts		
draws	up	mocks		
dream	up	think		
dreamed	up	thunk		
dreaming	up	thinking		
dreams	up	thinks		
dredge	up	dredge		
dredged	up	dredged		
dredging	up	dredging		
dress	* down	dressed casual		
dress	* up	dressed fancy		
dress	down	informal		
dress	down	dressed casual		
dress	up	dressed fancy		
dressed	down	informal		
dressed	up	formal		
dresses	up	dresses fancy		
dressing	down	reproach		
dressing	up	dressing fancy		
drew	away	withdrew		
drew	out	extracted		
drew	up	mocked		
dried	out	dehydrated		
dried	up	shriveled		
dries	out	dehydrates		
dries	up	shrivels		
drift	along	float		
drift	away	float		
drift	off	float	sleep	
drifted	along	floated		
drifted	apart	separated		
drifted	away	floated		
drifted	off	floated	slept	
drifting	along	floating		
drifting	away	floating		
drifting	off	floating	sleeping	
drifts	away	floats		
drifts	off	floats	sleeps	
drill	down	drill		
drilling	down	drilling		
drive	* back	drive		
drive	off	leave		
drive	up	arrive		
driven	off	left		
driven	up	arrived		
drives	off	leaves		
drives	up	arrives		
driving	off	leaving		
driving	up	arriving		
drone	on	talk		
droned	on	talked		
drones	on	talks		
droning	on	talking		
drop	back	falter		
drop	in	stop by		
drop	in on	check		
drop	off	decline		
drop	out	drop		
drop	out	quit		
drop	out of	leave	quit	
drop	over	stop by		
dropped	back	faltered		
dropped	off	declined		
dropped	out	quit		
dropping	back	faltering		
dropping	off	declining		
dropping	out	quitting		
drops	back	falter		
drops	out	quits		
drove	off	left		
drove	out	drove	extracted	
drove	up	arrived		
drown	out	drown		
drowned	out	drowned		
drowning	out	drowning		
drowns	out	drowns		
drum	up	elicit	think	
drummed	up	drummed	thought	
drumming	up	drumming	thinking	
dry	off	dry		
dry	out	dry	dehydrate	
dry	up	dry	shrivel	
drying	off	drying		
drying	out	drying	dehydrate	
drying	up	drying	shriveling	
due	out	due		
dug	up	dug		
dump	out	dump		
dumped	out	dumped		
dust	off	clean		
dusted	off	cleaned		
dusting	off	cleaning		
dying	off	dying		
dying	out	dying		
ease	back	ease		
ease	off	ease		
ease	out	ease		
ease	up	ease	decelerate	
eased	back	eased		
eased	off	eased		
eased	out	eased		
eased	up	eased	decelerated	
eases	off	eases		
easing	back	easing		
easing	up	easing	decelerating	
eat	* up	eat		
eat	away	eat		
eat	in	eat at home		
eat	out	eat away from home		
eat	up	eat		
eaten	away	eaten		
eaten	out	eaten		
eaten	up	eaten		
eating	away	eating		
eating	out	eating		
eating	up	eating		
eats	away	eats		
eats	out	eats	dines	
eats	up	eats		
edge	out	edge		
edge	up	edge		
edged	back	edged		
edged	out	edged		
edged	up	edged		
edges	out	edged		
edging	out	edging		
edging	up	edging		
edit	out	edit	delete	
edited	out	edited	deleted	
eke	out	eke		
eked	out	eked		
ekes	out	ekes		
eking	out	eking		
emerge	out	emerge		
emerged	out	emerged		
emerges	out	emerges		
emerging	out	emerging		
emptied	out	emptied	disposed	
empties	out	empties	disposes	
empty	out	empty	dispose	
emptying	out	emptiying	disposing	
end	up	eventually do		
ended	up	ended		
ending	up	ending		
ends	up	ends		
even	out	even		
evened	out	evened		
explain	away	explain		
explained	away	explained		
explaining	away	explaining		
extend	out	extend		
extended	out	extended		
extending	out	extending		
extends	out	extends		
face	up to	take responsibility		
fade	out	fade	disappear	
faded	out	faded	disappeared	
fades	out	fades	disappears	
fading	away	fading		
fading	out	fading	disappearing	
fall	apart	break		
fall	back	fall		
fall	back on	safety	retreat	
fall	behind in	lag		
fall	behing	lag		
fall	down	fall		
fall	for	believe		
fall	off	decreased	fall	
fall	out with	break relationship		
fall	over	fall		
fall	through	fall		
fallen	apart	fallen		
fallen	back	fallen		
fallen	out	fallen		
falling	apart	falling		
falling	back	falling		
falling	out	falling		
falls	apart	falls		
falls	back	falls		
falls	out	falls		
fan	out	spread		
fanned	out	spread		
fanning	out	spreading		
fans	out	spreads		
fed	off	fed		
feed	off	feed		
feeding	off	feeding		
feeds	off	fedds		
feel	* up	feel		
feel	out	feel		
feel	up to	feel		
feels	out	feels		
fell	off	fell		
fell	out	fell		
felt	up	felt	touched	
fence	off	cordon		
fenced	off	cordoned		
fend	off	fend		
fended	off	fended		
fending	off	fending		
fends	off	fends		
fess	up	fess	confess	
fessed	up	fessed	confessed	
fessing	up	fessing	confessing	
fight	back	defend		
fight	off	defend		
fighting	off	defending		
fights	off	defends		
figure	* out	figure	solve	
figure	* up	figure		
figure	on	figure		
figured	out	figured	solved	
figures	out	figures	solves	
figuring	out	figuring	solving	
file	away	file		
filed	away	filed		
fill	* in	fill	substitute	
fill	* out	fill		
fill	* up	fill		
fill	in	fill		
fill	in for	fill	replace	
fill	out	fill		
filled	out	filled		
filled	up	filled		
filling	out	filling		
filling	up	filling		
fills	out	fills		
fills	up	fills		
filter	out	filter		
filtered	out	filtered		
filtering	out	filtering		
filters	out	filters		
find	out	discover		
finding	out	discovering		
finds	out	discovers		
finish	off	end		
finish	out	end		
finish	up	end		
finished	off	ended		
finished	out	ended		
finished	up	ended		
finishes	off	ends		
finishes	up	ends		
finishing	off	ending		
finishing	up	ending		
fire	up	encourage		
fired	off	fired		
fired	up	encouraged		
fires	off	fires		
fires	up	encourages		
firing	off	firing		
firing	up	encouraging		
firm	up	solidify		
firmed	up	solidified		
firming	up	solidifing		
fix	* up	fix	make better	
fixed	up	repaired		
fixing	up	repairing		
fizzle	out	fizzle		
fizzled	out	fizzled		
flame	out	burn		
flamed	out	burned		
flames	out	burns		
flare	out	flare		
flare	up	flare		
flared	out	flared		
flared	up	flared		
flares	up	flares		
flaring	up	flaring		
flashed	out	flashed		
flatten	out	flatten		
flattened	out	flattened		
flattening	out	flattening		
flattens	out	flattens		
flesh	out	flesh		
fleshed	out	fleshed		
fleshes	out	fleshes		
fleshing	out	fleshing		
flew	off	flew		
flew	out	flew		
flick	off	flick		
flicked	off	flicked		
flicked	out	flicked		
flickered	out	flickered		
flied	out	flied		
flies	off	flies		
flies	out	flies		
flip	up	flip		
flipped	off	flipped		
flipped	out	flipped		
flipped	up	flipped		
flipping	out	flipping		
flips	off	flips		
flips	out	flips		
flips	up	flips		
float	away	drift		
float	off	drift		
float	up	float		
floated	away	drifted		
floated	off	drifted		
floated	up	floated		
floating	away	drifting		
floating	off	drifting		
floating	up	floating		
floats	away	drifts		
floats	up	floats		
flooded	out	flooded		
flooding	out	flooding		
flown	away	flown		
flown	off	flown		
flung	off	flung		
flunk	out	fail		
flunked	out	failed		
flunking	out	failing		
flush	out	flush		
flushed	out	flushed		
flushing	out	flushing		
fly	away	fly		
fly	off	fly		
fly	out	fly		
fly	up	fly		
flying	away	flying		
flying	off	flying		
flying	out	flying		
flying	up	flying		
fog	up	fog		
fogged	up	fogged		
fold	up	fold		
folded	up	folded		
folding	up	folding		
folds	up	folds		
follow	along	follow		
follow	up	follow	check	
followed	along	followed		
followed	up	followed	checked	
following	along	following		
following	up	following	checking	
follows	along	follows		
follows	up	follows	checks	
fool	around	joke		
fooled	around	joked		
fooling	around	joking		
force	out	force		
forced	off	forced		
forced	out	forced		
forces	out	forces		
forcing	out	forcing		
form	up	form		
formed	up	formed		
forming	up	forming		
fought	out	fought		
foul	up	mistake		
fouled	out	fouled		
fouled	up	mistook		
found	out	discovered		
freak	out	freak		
freaked	out	freaked		
freaking	out	freaking		
freaks	out	freaks		
free	up	allocate		
freed	up	allocated		
freeing	up	allocating		
frees	up	allocates		
freeze	out	freeze		
freeze	up	freeze		
freezes	up	freeze		
freezing	out	freeze		
freezing	up	became dormant		
fresh	out	recently emerged		
freshen	up	clean		
freshened	up	cleaned		
freshening	up	cleaning		
frightened	off	scared		
froze	up	became dormant		
frozen	up	became dormant		
fry	up	cook		
fuck	around	dilly-dallying		
fuck	up	botch		
fucked	up	botch		
fucking	around	had sex		
fucking	up	botch		
fuel	up	increased fuel		
fumbled	around	fumbled		
fumbling	around	fumbling		
gang	up	amassed		
ganged	up	amassed		
ganging	up	amassing		
gas	up	increased fuel		
gasped	out	gasped		
gassed	up	increased fuel		
gassing	up	increased fuel		
gather	up	gather		
gathered	up	gathered		
gathering	up	gathering		
gathers	up	gathers		
gave	off	emit		
gave	out	dispense		
gave	up	quit		
gaze	off	gaze		
gaze	out	gaze		
gaze	up	gaze		
gazed	off	gaze		
gazed	out	gazed		
gazed	up	gazed		
gazes	out	gazes		
gazes	up	gazes		
gazing	off	gazing		
gazing	out	gazing		
gazing	up	gazing		
gear	up	get ready		
geared	up	got ready		
gearing	up	getting ready		
gears	up	gets ready		
get	* across	cross		
get	* off	remove		
get	* on	put		
get	* up	stand		
get	across	communicate		
get	after	persue		
get	ahead	pass		
get	ahead of	pass		
get	along	compromise		
get	along with	compromise		
get	around	circumvent		
get	around to	do eventually		
get	away	leave	escape	
get	away with	elude	succeed	
get	back	return		
get	back at	retaliate		
get	back into	reinterest		
get	by	get by		
get	by on	get by		
get	by with	get by		
get	down to	business		
get	in	enter		
get	into	enter		
get	off	exit		
get	on	hop on		
get	on with	proceed		
get	out	exit		
get	out of	escape		
get	over	overcome		
get	over with	finish		
get	rid of	rid		
get	through	proceed		
get	through to	speak		
get	through with	finish		
get	up	stand		
gets	back	returns		
gets	into	enters		
gets	off	enjoys		
gets	on	continues		
gets	out	exits		
getting	back	returning		
getting	into	enters		
getting	off	departing		
getting	on	entering		
getting	out	leaving		
give	* away	donate		
give	* back	return		
give	* out	fail		
give	* up	give		
give	in	succumb		
give	off	radiate		
give	out	give		
give	up	give	quit	
given	off	radiate		
given	out	given		
given	up	stopped trying		
gives	off	radiate		
gives	out	radiate		
gives	up	stopped trying		
giving	off	emitting		
giving	out	handing		
giving	up	stop trying		
glance	out	look		
glance	up	look		
glanced	off	glanced		
glanced	out	looked		
glanced	up	looked		
glances	off	glances		
glances	out	looks		
glances	up	looks		
glancing	off	glancing		
glancing	out	looking		
glancing	up	looking		
glared	out	became apparent		
glared	up	became apparent		
glided	up	glided		
go	after	follow		
go	against	oppose		
go	ahead	proceed		
go	along with	accompany		
go	away	leave		
go	back	retreat		
go	back on	go back		
go	by	pass		
go	down	submerge		
go	for	want	go	
go	in for	substitute		
go	into	go		
go	off	explode		
go	on	proceed		
go	on with	proceed		
go	out	leave		
go	over	go over		
go	through	go		
go	through with	do		
go	up	ascend		
go	with	accompany		
go	without	forgo		
gobble	up	eat		
gobbled	up	ate		
gobbles	up	eats		
gobbling	up	eating		
goes	against	combats		
goes	off	goes		
goes	on	takes		
goes	out	emerges		
goes	up	rises		
going	off	going		
going	out	emerging		
going	up	rising		
gone	against	combatted		
gone	off	gone		
gone	on	taken		
gone	up	traveled	ascended	
goof	off	diddle		
goofing	off	diddling		
got	in	returned	entered	
got	off	left		
got	out	exited		
got	up	rose		
gotten	off	exited		
gotten	out	exited		
gotten	up	risen	awoke	
gouged	out	gouged		
gouging	out	goughing		
grew	apart	separated gradually		
grew	out	grew		
grind	out	grind		
grind	up	grind		
grinding	out	grinding		
grinding	up	grinding		
grossed	out	disgusted		
ground	out	ground		
ground	up	pulverized		
grounded	out	GROUNDED OUT		
group	up	gather		
grow	apart	diverge		
grow	into	grow		
grow	out	grow		
grow	out of	outgrow		
grow	under	grow		
grow	up	mature		
growing	apart	diverging		
growing	out	growing		
growing	up	maturing		
grown	apart	distanced		
grown	out	separated		
grown	up	matured		
grows	out	grows		
grows	up	matures		
gum	up	clog		
gummed	up	clogged		
gumming	up	clogging		
gushed	out	flowed		
gushing	out	flowing		
hack	off	cut		
hacked	off	cut		
hammer	out	hammer		
hammered	out	hammered		
hammering	out	hammering		
hand	* back	give		
hand	* down	hand		
hand	* in	give		
hand	* out	give		
hand	* over	overturn		
hand	down	deliver		
hand	off	passed		
handing	down	delivering		
handing	off	passing		
handing	out	distributing		
hands	down	delivers		
hands	off	pass		
hands	out	distributes		
hang	* up	hang		
hang	around	linger		
hang	back	linger		
hang	in	endure		
hang	on	wait		
hang	out	hang		
hanging	around	lingering		
hanging	back	lingering		
hanging	on	wait		
hanging	out	hanging		
hangs	around	lingers		
hangs	back	lingers		
hangs	on	waits		
hangs	out	hangs		
harp	on	harp		
harped	on	harped		
harping	on	harping		
hash	out	discuss		
hashed	out	discussed		
hashing	out	discussing		
haul	off	haul		
haul	out	remove		
hauled	off	hauled		
hauled	out	removed		
hauling	off	hauling		
hauling	out	moving		
have	* on	have		
have	* over	invite		
have	at	do		
head	back	return		
head	off	start		
head	on	directly		
head	out	start		
head	up	head		
headed	back	returned		
headed	off	started		
headed	out	started		
headed	up	headed		
heading	back	returning		
heading	off	starting		
heading	on	heading		
heading	out	starting		
heading	up	heading		
heads	back	returns		
heads	out	starts		
hear	about	learn		
hear	from	hear		
hear	of	know about		
hear	out	listen		
heard	out	listened		
hearing	out	listening		
heat	up	heat		
heated	up	heated		
heating	up	heating		
heats	up	heats		
held	against	detained		
held	out	extended		
held	up	held		
help	out	help		
helped	off	departed		
helped	out	helped		
helping	out	helping		
helps	out	helps		
hid	out	hid		
hide	out	hide		
hiding	out	hiding		
hike	out	hike		
hike	up	hike		
hiked	out	hiked		
hiked	up	hiked		
hikes	up	hikes		
hiking	up	hiking		
hire	out	hire		
hired	out	hired		
hit	on	flirt		
hold	* back	hold		
hold	* off	hold		
hold	* up	hold	rob	
hold	against	detained		
hold	back	restrain		
hold	off on	restrain		
hold	on	hold		
hold	on to	hold		
hold	out	withstand		
hold	out against	withstand		
holding	off	waiting		
holding	out	waiting		
holds	off	waits		
holds	out	waits		
holed	up	burrowed		
hollow	out	hollow		
hollowed	out	hollowed		
hollowing	out	hollowing		
hook	* up	install	fornicate	
hook	up	connected		
hooked	up	installed	fornicated	
hooking	up	installing		
hooks	up	installs		
hop	up	climb		
hopped	out	exited		
hopped	up	climbed		
hopping	out	exiting		
hopping	up	climbing		
hops	out	exits		
hops	up	climbs		
hose	down	hose		
hosed	down	hosed		
hosing	down	hosing		
huddled	around	huddled		
huddled	up	huddled		
hunched	up	hunched		
hung	back	trail		
hung	in	persevered		
hung	out	hung		
hung	up	disconnected		
hunker	down	retreat		
hunkered	down	retreated		
hunkering	down	retreating		
hunkers	down	retreats		
hurled	out	hurled		
hurried	away	departed		
hurried	off	departed		
hurried	out	moved		
hurried	up	moved quickly		
hurries	away	moves		
hurries	off	moves		
hurries	out	moves		
hurries	up	moves quickly		
hurry	away	move		
hurry	off	move		
hurry	out	move		
hurry	up	hasten		
hurrying	up	moving		
hush	up	hush		
hushed	up	hushed		
hustled	off	hustled		
hustled	out	hustled		
hyped	up	hyped		
inches	off	scoots		
invite	* out	invite		
invite	* over	invite		
invited	back	reinvited		
iron	* out	flatten	smoothen	
jack	up	excite		
jack	up	botch		
jacked	up	excited		
jacking	off	masterbate		
jacking	up	exciting		
jacks	up	excites		
jam	up	jams		
jammed	up	jammed		
jazz	up	embelish		
jazzed	up	embelished		
jazzing	up	embelishing		
jerk	off	masterbate		
jerked	off	masterbated		
jerking	off	masterbated		
jetting	off	flying		
jogged	up	jogged		
join	up	meet		
joined	up	meet		
joining	up	meeting		
joke	around	joke		
joked	around	joked		
joking	around	joking		
juice	up	use steroids		
juiced	up	using steroids		
jumbled	up	jumbled		
jump	in	jump	start	
jump	off	jump		
jump	out	exit		
jump	to	jump		
jump	up	jump		
jumped	off	jumped		
jumped	out	exited		
jumped	up	jumped		
jumping	off	jumping		
jumping	out	exiting		
jumping	up	jumping		
jumps	off	jumps		
jumps	out	exits		
jumps	up	jump		
jut	out	bulge		
juts	out	bulges		
jutted	out	bulged		
jutting	out	bulging		
keep	* around	keep		
keep	* away	keep		
keep	* back	keep		
keep	* down	keep		
keep	* in	keep		
keep	* off	keep		
keep	* out	forbid		
keep	* over	keep		
keep	* up	keep up		
keep	at	persist		
keep	on	persist		
keep	out	exclude		
keep	to	stay		
keep	up	sustain		
keep	up with	keep up	maintain	
keeping	out	excluding		
keeping	up	maintaining		
keeps	out	excludes		
keeps	up	maintains		
kept	out	excluded		
kept	up	maintained		
keyed	up	excited		
kick	back	relax		
kick	in	kick		
kick	off	initiation		
kick	out	kick		
kick	up	kick		
kicked	around	considered		
kicked	off	initiatied		
kicked	out	kicked		
kicked	up	kicked		
kicking	around	considering		
kicking	off	initiating		
kicking	out	kicking		
kicking	up	kicking		
kicks	off	initiates		
kicks	out	kicks		
kicks	up	kicks		
kid	around	joke		
kidding	around	joke		
kill	off	terminate		
killed	off	destroyed		
killed	out	destroyed		
killing	off	destroying		
kills	off	destroys		
kiss	off	leave		
kiss	up	kowtower	doter	
kissing	up	kowtowing	doting	
knock	off	kill		
knock	out	flatten		
knocked	about	knocked		
knocked	off	killed		
knocked	out	flattened		
knocked	up	impregnated		
knocking	off	killing		
knocking	out	flattening		
knocks	off	kills		
knocks	out	flattens		
knotted	up	knotted		
lace	up	tie		
laced	up	tied		
lacing	up	tying		
ladder	up	climb		
laid	off	terminated		
laid	out	incapacitated		
laid	up	incapacitated		
lap	up	drink		
lapped	up	drank		
lapping	up	drinking		
lash	out	yelled		
lashed	out	yelling		
lashes	out	yells		
lashing	out	yelling		
laugh	along	laugh		
laugh	off	ignore		
laugh	out	laugh		
laughed	along	laughed		
laughed	off	ignored		
laughed	out	laughed		
laughing	along	laughing		
laughs	off	ignores		
lay	* off	fire	stop	
lay	* out	lay	hit	
lay	away	hoard		
lay	down	lay		
lay	in on	lay		
lay	into	berate		
laying	off	firing		
laying	out	presenting		
lays	off	desist		
lays	out	desists		
lead	off	start		
lead	out	lead		
lead	up	preceeded		
leading	off	starting		
leading	out	leading		
leading	up	preceeding		
leads	off	starts		
leads	out	leads		
leads	up	preceeds		
leak	out	leak		
leaked	out	leaked		
leaking	out	leaking		
leaks	out	leaks		
lean	out	lean		
leaned	out	leaned		
leaning	out	leaning		
leans	out	leans		
leap	off	jumped		
leap	out	jump		
leap	up	jump		
leaped	off	jump		
leaped	out	jumped		
leaped	up	jumped		
leaping	off	jumping		
leaping	out	jumping		
leaping	up	jumping		
leaps	off	jumps		
leaps	out	exits		
leaps	up	jumps		
leapt	off	exited		
leapt	out	exited		
leapt	up	jumped		
leased	out	leased		
leave	* out	except		
leave	off	withhold		
leaves	off	withholds		
leaves	out	withhold		
leaving	out	withholding		
led	off	start		
led	out	exited		
left	off	forgot		
left	off	forgotten	progress	
let	* down	dissapoint		
let	* out	free		
let	in	allow entry		
let	out	release		
let	up	ease		
letting	off	releasing		
letting	out	releasing		
letting	up	easing		
level	off	leveling		
level	up	increasing		
leveled	off	leveled		
leveling	off	leveling		
levels	up	increases		
licked	up	licked		
lie	down	lie		
lie	down on	lie		
lie	with	lie		
lift	off	departed		
lift	out	lift		
lift	up	lift		
lifted	off	lifted		
lifted	out	lifted		
lifted	up	lifted		
lifting	off	lifting		
lifting	out	lifting		
lifting	up	lifting		
lifts	out	lifts		
lifts	up	lifts		
light	* up	light		
light	up	illuminate		
lighten	up	lighten		
lightened	up	lightened		
limp	along	suffice		
limped	along	sufficed		
limped	off	wobbled		
limping	along	limping		
lining	up	queued		
link	up	connected		
linked	up	connected		
linking	up	connecting		
links	up	connects		
listen	up	listen		
lit	up	enrage	enflame	
live	* down	get over		
live	on	live		
live	up to	meet expectation		
liven	up	excite		
lives	up	meet		
living	up	meeting		
load	up	load		
loaded	up	loaded		
loading	up	loading		
loads	up	loads		
loan	out	loan		
loaned	out	loaned		
lock	out	prevent		
lock	up	detain		
locked	out	prevented		
locked	up	detained		
locking	out	preventing		
locking	up	detaining		
locks	up	detains		
log	in	enter		
log	off	exit		
log	on	enter		
log	out	exit		
logged	off	exited		
logged	on	entered		
logging	on	entering		
look	* over	check		
look	* up	search		
look	about	survey		
look	after	watch		
look	at	look		
look	back on	reflect		
look	down	condescend		
look	down on	patronize		
look	for	search		
look	forward to	want		
look	into	look		
look	on	look		
look	out	look		
look	up	research		
look	up to	idolize		
looked	about	surveyed		
looked	down	condescended		
looked	out	viewed		
looked	up	reviewed		
looking	out	viewing		
looking	up	reviewing		
looks	out	views		
looks	up	reviews		
lose	out	lose		
loses	out	loses		
losing	out	losing		
lost	out	lost		
lounge	around	loiter		
lounging	around	loitering		
luck	out	win		
lucked	out	won		
made	off	escaped		
made	out	identified	kissed	
made	up	reconciled		
mailed	out	mailed		
mailing	out	mailing		
make	* out	discern		
make	* over	make		
make	* up	make		
make	off	escape 		
make	out	identify	kiss	
make	out with	get away with	kiss	
make	up	reconcile 	pretend	
make	up for	remedy		
makes	out	discerns	kisses	
makes	up	reconciles	pretends	
making	off	escaping		
making	out	discerning	kissing	
making	up	reconciling		
map	out	route		
mapped	out	routed		
mapping	out	routing		
maps	out	routs		
march	off	leave		
march	out	leave		
marched	off	left		
marched	out	left		
marches	out	leaves		
marching	off	leaving		
marching	out	leaving		
mark	off	delete		
mark	out	delete		
mark	up	edit		
marked	off	deleted		
marked	out	deleted		
marked	up	edited		
marking	off	deleting		
marks	off	deletes		
married	off	married		
marry	off	marry		
match	up	match		
matched	up	matched		
matches	up	matches		
matching	up	matching		
measure	out	measure		
measure	up	meet		
measured	out	measured		
measured	up	met		
measures	out	measures		
measures	up	meet		
measuring	out	measuring		
measuring	up	meeting		
meet	up	meet		
meeting	up	meeting		
meets	up	meets		
melt	off	fall		
melted	off	fell		
mess	up	ruin		
message	out	send		
messages	out	sends		
messed	up	ruined		
messes	up	ruins		
messing	up	ruining		
met	up	met		
mix	* up	confuse		
mixed	up	confused		
mixes	up	confuses		
mixing	up	confusing		
monkey	around with	play	roughhouse	
mop	up	mop		
mopped	up	mopped		
mopping	up	mopping		
move	on	continue		
move	out	evacuate		
move	up	climb		
moved	on	continued		
moved	out	evacuated		
moved	up	climbed		
moves	up	climbs		
moving	about	moving		
moving	up	climbing		
muster	up	gather		
mustered	up	gathered		
nailed	up	nailed		
name	* after	name		
nestle	in	snuggle		
nestled	in	snuggled		
nestles	in	snuggles		
nestling	in	snuggling		
nod	off	sleep		
nod	off	sleep		
nodded	off	slept		
nodding	off	sleeping		
nods	off	sleeps		
nose	around	investigate		
occur	to	occurs		
offer	up	offer		
offered	up	offered		
offering	up	offering		
offers	up	offers		
ooze	out	seep		
oozed	out	seeped		
oozes	out	seeps		
oozing	out	seeping		
open	up	open		
opened	up	opened		
opening	up	opening		
opens	up	opens		
opt	out	withdraw		
opted	out	withdrew		
opting	out	withdrawing		
options	out	withdraws		
opts	out	withdraws		
orbit	about	orbit		
order	out	order		
order	up	order		
ordered	out	ordered		
ordered	up	ordered		
ordering	up	ordering		
out	to	out		
own	up	admit		
owned	up	admitted		
owning	up	admitting		
owns	up	admits		
pack	up	pack		
packed	up	packed		
packing	up	packing		
packs	up	packs		
padded	out	tiptoed		
paddle	out	paddle		
paddled	out	paddled		
paid	off	paid		
paid	out	paid		
paid	up	paid		
pair	off	section		
pair	up	pair		
paired	off	sectioned		
paired	up	paired		
pairing	up	pairing		
pan	out	work		
panned	out	worked		
panning	out	working		
parcel	out	mail		
parceled	out	mailed		
parceling	out	mailing		
partitioned	off	sectioned		
pass	* off	fraud		
pass	* on	die		
pass	* out	faint		
pass	* up	dont take		
pass	away	die		
pass	down	give		
pass	off	deceive		
pass	on	die		
pass	out	give		
pass	up	overtake	bypass	
passed	away	died		
passed	down	gave		
passed	off	deceived		
passed	up	overtook	bypassed	
passes	away	dies		
passes	up	overtakes	bypasses	
passing	down	giving		
passing	up	ovetaking	bypassing	
pat	down	touch		
patch	up	repair		
patched	up	repaired		
patching	up	repairing		
patted	down	touched		
patting	down	touching		
pay	* back	pay		
pay	* off	pay		
pay	down	reduce		
pay	off	eliminate		
pay	out	give		
pay	up	contribute		
paying	down	reducing		
paying	off	eliminating		
paying	out	giving		
paying	up	contributing		
pays	off	eliminates		
pays	out	gives		
pays	up	contributes		
peek	out	look		
peeked	out	looked		
peeking	out	looking		
peeks	out	looks		
peel	off	peel		
peel	out	leave hastily		
peeled	off	peeled		
peeled	out	left hastily		
peeling	off	peeling		
peels	off	peels		
peels	out	leaves hastily		
peep	out	emerge		
peeped	out	emerged		
peeping	out	emerging		
peer	out	look		
peered	out	looked		
peered	up	looked		
peering	out	looking		
peering	up	looking		
peers	up	looks		
penned	up	wrote		
perched	up	perched		
perk	up	invigorate		
perked	up	invigorated		
perking	up	invigorating		
perks	up	invigorates		
petered	out	quit		
petering	out	quiting		
peters	out	quits		
phase	out	eliminate		
phased	out	eliminated		
phases	out	elimates		
phasing	out	elimating		
pick	* out	pick		
pick	* up	pick		
pick	off	pick		
pick	on	bully		
pick	out	pick		
pick	up	pick		
picked	off	picked		
picked	out	picked		
picked	up	picked		
picking	off	picking		
picking	out	picking		
picking	up	picking		
picks	off	picks		
picks	out	picks		
picks	up	picks		
pile	out	exit		
pile up	up	stack	accident	
piled	out	exited		
piled	up	stacked		
piles	up	stacks		
piling	up	stacking		
pin	down	subdue		
pin	up	attach		
pinch	off	pick		
pinched	off	picked		
pinned	down	subdued		
pinned	up	attached		
pinning	down	subduing		
pipe	down	quiet		
pipe	up	speak		
piped	up	spoke		
pipes	up	speaks		
piss	off	irritate		
pissed	off	irritated		
pissing	off	irritating		
plan	for	estimate		
planned	out	estimated		
planning	out	estimating		
plans	out	estimates		
play	* down	understate		
play	* up	exaggerate		
play	out	play		
play	up to	play		
played	out	played		
plot	out	devise		
plotted	out	devised		
pluck	out	pluck		
plucked	out	plucked		
plucking	out	plucking		
plucks	out	plucks		
plug	up	plug		
plugged	up	plugged		
point	* out	show		
point	out	show		
point	to	identify		
pointed	out	identified		
pointing	out	identifying		
points	out	identifes		
poke	out	push		
poked	out	pushed		
pokes	out	pushes		
poking	out	pushing		
polish	off	finish		
polish	up	buff		
polished	off	finished		
polished	up	buffed		
polishing	off	finishing		
ponied	up	sat		
pony	up	sit		
ponying	up	sitting		
pop	up	jump		
popped	out	jumped		
popped	up	jumped		
popping	out	jumping		
popping	up	jumping		
pops	out	jumps		
pops	up	jumps		
pound	away	hit		
pound	out	tenderize		
pounded	away	hit		
pounded	out	tenderized		
pounding	out	tenderizing		
pounds	out	tenderizes		
pour	out	pour		
poured	out	poured		
pouring	out	pouring		
pours	out	pours		
power	out	stop		
power	up	start		
powered	up	started		
priced	out	priced		
pried	out	pried		
prop	up	prop		
propped	up	propped		
propping	up	propping		
props	up	props		
pry	out	pry		
puff	out	inflate		
puff	up	inflate	smoke	
puffed	out	inflated		
puffed	up	inflated	smoked	
puffing	out	inflating		
puffing	up	inflating	smoking	
puffs	out	inflates		
puffs	up	inflates	smokes	
pull	away	withdraw		
pull	back	withdraw		
pull	down	pull		
pull	in	pull		
pull	out	withdraw		
pull	through	persevere		
pull	up	raise		
pulled	away	withdrew		
pulled	back	withdrew		
pulled	out	withdrew		
pulled	up	raised		
pulling	back	withdrawing		
pulling	out	withdrawing		
pulling	up	raising		
pulls	away	withdraws		
pulls	back	withdraws		
pulls	out	withdraws		
pulls	up	raises		
pump	out	siphon		
pump	up	inflate		
pumped	out	siphoned		
pumped	up	inflated		
pumping	out	siphoning		
pumping	up	inflating		
pumps	out	siphons		
pumps	up	inflates		
punch	out	punch		
punch	up	punch		
punched	out	punched		
punched	up	punched		
punches	out	punches		
punches	up	punches		
push	away	push		
push	back	push		
push	out	push		
pushed	away	pushed		
pushed	back	pushed		
pushed	out	pushed		
pushes	away	pushes		
pushes	back	pushes		
pushes	out	pushes		
pushing	back	pushing		
pushing	out	pushing		
put	* across	put		
put	* away	store		
put	* down	kill		
put	* off	disgust		
put	* on	wear		
put	* out	give		
put	* up	put		
put	away	store		
put	back	return		
put	in	put		
put	off	defer		
put	out	extinguish		
put	to	put		
put	up	display	tolerate	
put	up with	tolerate		
puts	away	cleans		
puts	off	procrastinate		
puts	out	displays		
puts	up	displays	tolerates	
putting	away	cleaning		
putting	back	returning		
putting	off	procrastinating		
putting	out	displaying		
putting	up	displaying	tolerating	
quiet	* down	quiet		
race	about	run		
race	along	move		
race	around	run		
race	off	depart		
raced	along	moved		
raced	around	ran		
raced	off	departed		
races	along	moves		
races	around	runs		
races	off	departs		
racing	along	moving		
racing	around	running		
racing	off	departing		
radio	out	radio		
raise	up	raise		
raised	up	raised		
raises	up	raises		
raising	up	raising		
rake	up	rake		
raking	up	raking		
ramp	up	energize		
ramped	up	energized		
ramping	up	energizing		
ramps	up	energizes		
ran	up	ran		
rang	up	phoned		
rat	out	reveal		
rattle	off	recite		
rattled	off	recited		
rattles	off	recites		
rattling	off	reciting		
reach	out	contact		
reach	up	reach		
reached	out	contacted		
reached	up	reached		
reaches	out	contacts		
reaches	up	reaches		
reaching	out	reaching		
reaching	up	reaching		
read	off	listed		
read	out	read		
read	up	refreshed		
read	up on	study		
reading	off	listing		
reading	up	refreshing		
reel	off	list		
reeled	off	listed		
reeling	off	listing		
reels	off	lists		
rent	out	lease		
rented	out	leased		
renting	out	leasing		
rents	out	leases		
report	back	communicate		
reported	back	communicated		
reporting	back	communicating		
reports	back	communicates		
rest	up	sleep		
resting	up	sleeping		
retreat	back	retreat		
retreated	back	reatreated		
retreating	back	retreating		
return	back	return		
returned	back	returned		
rev	up	stimulate		
revert	back	revert		
reverted	back	reverted		
reverts	back	reverts		
revs	up	stimulates		
revved	up	stimulated		
revving	up	stimulating		
ridden	up	ridden		
ride	off	leave		
ride	up	ride		
rides	off	leaves		
rides	up	rides		
riding	off	leaving		
riding	up	riding		
rifle	up	ransack		
rig	up	equip		
rigged	up	equipped		
riled	up	excited		
ring	* up	purchase		
ring	out	chime		
ring	up	phone		
ringing	out	chiming		
ringing	up	phoning		
rings	out	chimes		
rings	up	phones		
rinse	off	clean		
rinse	out	clean		
rinsed	off	cleaned		
rinsed	out	cleaned		
rip	off	tear	steal	
rip	out	remove		
rip	up	tear		
ripped	off	tore	stole	
ripped	out	removed		
ripped	up	tore		
ripping	off	tearing	stealing	
ripping	out	removing		
ripping	up	tearing		
rips	off	tears		
rips	out	removes		
rips	up	tears		
rise	up	rise		
risen	up	risen		
rises	up	rises		
rising	up	rising		
roam	about	wander		
roar	up	growl		
roared	out	growled		
roared	up	growled		
roaring	out	growling		
roaring	up	growling		
roars	out	growls		
roars	up	growls		
rock	out	convulse		
rocking	out	convulsing		
rocks	out	convulses		
rode	off	departed		
rode	out	rode		
rode	up	rode		
roll	back	expose	decrease	
roll	off	exit		
roll	out	introduce		
roll	up	roll		
rolled	back	exposed	decreased	
rolled	off	exited		
rolled	out	introduced		
rolled	up	rolled		
rolling	off	exiting		
rolling	out	introducing		
rolling	up	rolling		
rolls	off	exits		
rolls	out	introduces		
rolls	up	rolls		
root	around	scavenge		
root	out	dig		
rooted	around	scavenged		
rooted	out	dug		
rooting	around	scavenging		
rooting	out	digging		
rope	out	confine		
rotated	out	revolved		
round	off	estimate		
round	out	smooth		
rounded	off	estimated		
rounded	out	smoothed		
rounding	out	smoothing		
rounds	out	smooths		
rub	off	clean		
rub	out	clean	kill	
rub	up	rub		
rubbed	off	cleaned		
rubbed	out	cleaned	killed	
rubbed	up	rubbed		
rubbing	off	cleaning		
rubbing	up	rubbing		
rubs	off	cleans		
rule	* out	dismiss		
rule	out	eliminate		
ruled	out	eliminated		
rules	out	eliminates		
ruling	out	eliminating		
rumbled	up	rumbled		
run	* down	worn		
run	* off	leave		
run	about	run		
run	across	find		
run	against	oppose		
run	around	encircle		
run	away	flee		
run	away from	flee		
run	down	chase		
run	for	run		
run	into	encounter		
run	off	leave		
run	out	run		
run	out of	exhaust		
run	over	trample		
run	up	charge		
rung	up	phoned		
running	about	running		
running	around	encircling		
running	out	running		
runs	about	runs		
runs	around	encircles		
runs	out	runs		
runs	up	charges		
rush	around	hurry		
rush	off	depart		
rush	out	leave		
rush	up	rush		
rushed	around	hurried		
rushed	off	departed		
rushed	out	left		
rushed	up	rushed		
rushes	off	departs		
rushes	out	leaves		
rushes	up	rushes		
rushing	about	hurrying		
rushing	around	hurrying		
rushing	off	departing		
rushing	out	leaving		
rushing	up	rushing		
rustle	up	gather		
rustled	up	gathered		
saddle	up	sit		
saddled	up	sat		
sail	off	sail		
sail	up	sail		
sailed	off	sailed		
sailed	up	sailed		
sailing	off	sailing		
sailing	up	sailing		
sand	off	sand		
sang	out	sang		
sat	around	linger		
sat	up	rose		
save	* up	save		
saved	up	saved		
saving	up	saving		
sawed	off	sawed		
scale	up	produce		
scaled	up	produced		
scaling	up	producing		
scampered	away	ran		
scampered	off	ran		
scare	away	scare		
scare	off	scare		
scare	up	invent		
scared	away	scared		
scared	off	scared		
scared	up	invented		
scaring	away	scaring		
scattered	about	strewn		
scoop	out	scoop		
scoop	up	scoop		
scooped	out	scooped		
scooped	up	scooped		
scooping	out	scooping		
scooping	up	scooping		
scoops	out	scoops		
scoops	up	scoops		
scooted	out	left		
scope	out	investigate		
scoped	out	investigated		
scoping	out	investigating		
scout	out	investigate		
scouted	out	investigated		
scouting	out	investigating		
scramble	up	scurry		
scrambled	around	scurried		
scrambled	away	left		
scrambled	up	scurried		
scrambles	up	scurries		
scrambling	around	scurring		
scrambling	up	scurring		
scrape	away	remove		
scrape	out	remove		
scrape	up	find		
scraped	away	removed		
scraped	out	removed		
scraped	up	found		
scraping	away	removing		
scraping	out	removing		
scraping	up	finding		
scratch	out	rub		
scratched	out	rubbed		
scratched	up	scraped		
scratching	out	scraping		
scream	out	scream		
screamed	out	screamed		
screaming	out	screaming		
screams	out	screams		
screen	out	filter		
screened	out	filtered		
screening	out	filtering		
screens	out	filters		
screw	around	fiddle		
screw	on	screw		
screw	up	blunder		
screwed	up	blundered		
screwing	around	fiddling		
screwing	up	blundering		
screws	up	blunders		
scribbling	away	writing		
scrounge	up	gather		
scrub	away	clean		
scrubbed	away	cleaned		
scrunch	up	scrunch		
scrunched	up	scruched		
scurried	about	scampered		
scurried	around	scampered		
scurried	away	departed		
scurried	off	left		
scurried	out	left		
scurried	up	scampered		
scurries	away	departs		
scurry	about	scamper		
scurry	around	scamper		
scurry	away	depart		
scurry	out	leave		
scurrying	about	scampering		
scurrying	around	scampering		
scurrying	away	departing		
seal	off	isolate		
seal	out	secure		
seal	up	enclose		
sealed	off	isolated		
sealed	up	enclosed		
sealing	off	isolating		
search	out	find		
searched	out	found		
searches	out	finds		
searching	out	finding		
sectioned	off	divided		
see	* off	goodbye		
see	* through	ensure success		
see	about	inquire		
see	to	attend		
seek	out	find		
seeking	out	finding		
seeks	out	finds		
seep	out	leak		
seeped	out	leaked		
seeping	out	leaking		
seeps	out	leaks		
sell	* out	sell		
sell	off	sell		
sell	out	unload	traitor	
selling	off	selling		
selling	out	unloading		
sells	out	unloads		
send	off	distribute		
sending	off	distributing		
sent	off	distributed		
serve	out	serve		
serve	up	give		
served	out	served		
served	up	gave		
serves	up	gives		
set	* up	set		
set	off	triggered		
set	out	displayed		
set	up	plan		
sets	off	triggers		
sets	out	displays		
sets	up	plans		
setting	off	triggerring		
setting	out	displaying		
setting	up	planning		
settle	on	agree		
settle	up	settle		
sew	up	mend		
sewed	up	mended		
sewing	up	mending		
sewn	up	sewn		
shack	up	cohabitate		
shacked	up	cohabitated		
shacking	up	cohabitating		
shake	off	jiggle		
shake	out	swing		
shake	up	mix		
shaken	off	jiggled		
shaken	out	swung		
shaken	up	mixed		
shakes	off	jiggles		
shakes	out	swings		
shakes	up	mixes		
shaking	off	jiggling		
shaking	out	swinging		
shaking	up	mixing		
shape	up	improve		
shaped	up	improved		
shapes	up	improves		
shaping	up	improving		
sharpen	up	sharpen		
shave	off	shave		
shaved	off	shaved		
shaving	off	shaving		
sheared	off	sheared		
shearing	off	shearing		
shell	out	give		
shelled	out	gave		
shelling	out	giving		
shells	out	gives		
shift	out	remove		
shifted	out	removed		
ship	off	leave		
ship	out	leave		
shipped	off	left		
shipped	out	left		
shipping	out	leaving		
ships	off	leaves		
ships	out	leaves		
shook	off	jiggled		
shook	out	swung		
shoot	back	return		
shoot	off	backtalk		
shoot	out	shoot		
shoot	up	shoot		
shooting	back	returning		
shooting	off	backtalking		
shooting	out	shooting		
shooting	up	shooting		
shoots	back	returns		
shoots	off	backtalks		
shoots	out	shoots		
shoots	up	shoots		
shop	around	shop		
shopped	around	shopped		
shopping	around	shopping		
shops	around	shops		
shore	up	reinforce		
shored	up	reinforced		
shoring	up	reinforcing		
shot	back	returned		
shot	off	backtalked		
shot	out	shot		
shot	up	shot		
shout	out	shout		
shouted	out	shouted		
shouting	out	shouting		
shouts	out	shouts		
shove	off	depart		
shoved	off	departed		
shoved	out	departed		
shovel	out	shovel		
show	* off	flaunt		
show	* up	surpass		
show	around	tour		
show	off	flaunt		
show	up	arrive	overshadow	
showed	off	flaunted		
showed	up	arrive	overshadowed	
showing	off	flaunting		
showing	up	arriving	overshadowing	
shown	around	toured		
shown	off	flaunted		
shown	up	arrived	overshadowed	
shows	off	flaunts		
shows	up	arrives	overshadows	
shrank	back	shrank		
shrink	back	shrink		
shrinking	back	shrinking		
shrinks	back	shrinks		
shrivel	up	shrivel		
shriveled	up	shriveled		
shrug	off	disregard		
shrugged	off	disregarded		
shrugging	off	disregarding		
shrugs	off	disregards		
shuffle	off	depart		
shuffled	off	departed		
shut	* off	end		
shut	* up	hush		
shut	out	close		
shuts	off	conceals		
shuts	out	closes		
shutting	off	concealing		
shutting	out	closing		
sift	out	remove		
sign	in	arrive	sign	
sign	off	agree	leave	
sign	out	leave		
sign	up	volunteer		
signed	off	agreed	left	
signed	up	volunteered		
signing	off	agreeing	leaving	
signing	up	volunteering		
signs	off	agrees	leaves	
signs	out	leaves		
signs	up	volunteers		
singles	out	chooses	segregates	
singling	out	choosing	segregating	
siphon	off	siphon		
siphoned	off	siphoned		
siphoning	off	siphoning		
sit	around	loiter		
sits	around	loiters		
sits	out	refrain		
sitting	around	loitering		
sitting	out	refraining		
size	up	evaluate		
sized	up	evaluated		
sizes	up	evaluates		
sizing	up	evaluating		
sketch	out	sketch		
sketched	out	sketched		
sketching	out	sketching		
ski	up	ski		
skidded	off	veered		
skim	off	remove		
skimmed	off	removed		
skimming	off	removed		
skip	out	skip		
skipped	out	skipped		
skipping	out	skipping		
skirted	around	skirted		
skulking	around	lurking		
slack	off	decrease		
slacked	off	decreased		
slacking	off	decreasing		
sleep	off	rest		
sleeping	off	resting		
slice	off	slice		
slice	up	divide		
sliced	off	sliced		
sliced	up	divided		
slicing	off	slicing		
slicing	up	dividing		
slid	back	retreated		
slid	off	fell		
slid	up	rose		
slide	back	retreat		
slide	off	fall		
slide	up	rise		
slides	back	retreats		
slides	off	fall		
slides	up	rises		
sliding	back	retreating		
sliding	off	falling		
sliding	up	riding		
slip	away	leave		
slip	back	retreat		
slip	off	remove		
slip	out	leave		
slip	up	mistake		
slipped	away	left		
slipped	back	retreated		
slipped	off	removed		
slipped	out	left		
slipped	up	mistook		
slipping	away	leaving		
slipping	back	retreating		
slipping	off	removing		
slipping	out	leaving		
slipping	up	mistaking		
slips	away	leaves		
slips	back	retreats		
slips	off	removes		
slips	out	leaves		
slips	up	mistakes		
slither	out	crawl		
slithered	out	crawled		
slough	off	shed		
sloughed	off	shedded		
sloughing	off	shedding		
slow	* down	slow		
slow	* up	slow		
slowed	up	slowed		
smashed	up	smashed		
smoke	up	smoke		
snap	off	break		
snap	up	get		
snapped	off	broke		
snapped	up	got		
snapping	off	breaking		
snapping	up	getting		
snaps	off	breaks		
snaps	up	gets		
snatch	up	get		
snatched	off	gets		
snatched	up	got		
snatches	up	gets		
snatching	up	getting		
sneak	around	sneak		
sneak	away	leave		
sneak	off	leave		
sneak	out	leave		
sneak	up	approach		
sneaked	away	left		
sneaked	off	left		
sneaked	out	left		
sneaked	up	left		
sneaking	away	leaving		
sneaking	off	leaving		
sneaking	out	leaving		
sneaking	up	leaving		
sneaks	out	leaves		
sneaks	up	approaches		
sniff	around	sniff		
sniff	out	find		
sniffed	out	found		
sniffing	around	inspecting		
sniffing	out	finding		
snip	off	snip		
snipped	off	snipped		
snoop	around	snoop		
snooping	around	snooping		
snoring	away	snoring		
snuck	out	left		
snuck	up	approach		
snuff	out	kill		
snuffed	out	killed		
snuffing	out	killing		
snuggle	up	snuggle		
snuggled	up	snuggled		
snuggling	up	snuggling		
soak	up	absorb		
soaked	up	absorbed		
soaking	up	absorbing		
soaks	up	absorbs		
sober	up	become sober		
sobered	up	became sober		
sobering	up	becoming sober		
soften	up	soften		
softened	up	softened		
softening	up	softening		
sop	up	absorb		
sopped	up	absorbed		
sopping	up	absorbing		
sort	out	sort		
sorted	out	sorted		
sorting	out	sorting		
sorts	out	sorts		
sought	out	sought		
sound	off	comment		
sound	out	pronunciate		
sounded	out	pronunciated		
sounding	off	commenting		
sounding	out	pronunciating		
sounds	off	comments		
sounds	out	pronunciates		
speak	out	tell		
speak	up	comment		
speaking	out	commenting		
speaking	up	commenting		
speaks	out	tells		
speaks	up	comments		
sped	away	departed hastily		
sped	off	departed hastily		
sped	up	arrived hastily		
speed	away	depart hastily		
speed	off	depart hastily		
speed	up	accelerate		
speeded	up	accelerated		
speeding	away	departing hastily		
speeding	up	accelerating		
speeds	away	departs hastily		
speeds	off	departs hastily		
speeds	up	accelerates		
spell	* out	show		
spelled	out	spelled		
spelling	out	spelling		
spells	out	spells		
spew	out	spew		
spewed	out	spewed		
spewing	out	spewing		
spews	out	spews		
spice	up	enliven		
spiced	up	enliven		
spicing	up	enlivening		
spiffed	up	preened		
spill	out	spill		
spilled	out	spilled		
spilling	out	spilling		
spills	out	spills		
spin	off	separate		
spin	out	separate		
spin	up	start		
spinning	away	depart		
spinning	off	catalyzing		
spinning	out	separating		
spins	away	departs hastily		
spins	off	creates		
spit	out	separate		
spits	out	separates		
spitting	out	spitting		
splash	around	splash		
splashed	around	splashed		
splashing	around	splashing		
split	off	split		
split	up	split		
splits	off	splits		
splitting	off	splitting		
splitting	up	splitting		
spoke	out	discussed		
spoke	up	discussed		
spoken	out	discussed		
spoken	up	discussed		
spout	off	comment		
spouting	off	commenting		
sprang	up	emerged		
spread	out	dispersed		
spreading	out	dispersing		
spreads	out	disperses		
spring	up	emerge 		
springing	up	emerging		
springs	up	emerges		
sprinted	up	approached hastily		
sprout	up	grow		
sprouted	up	grew		
sprouting	up	sprouting		
spruce	up	preen		
spruced	up	preened		
sprucing	up	preening		
sprung	up	occurred		
spun	off	separated		
spun	up	initiated		
square	off	compete	reshape	
square	up	settle		
squared	away	settled		
squared	off	competed		
squared	up	settled		
squares	off	competes		
squaring	off	competing		
squeeze	off	emit		
squeeze	out	excrete		
squeezed	off	excreted		
squeezed	out	excreted		
squeezes	out	blocks		
squeezing	off	blocking		
squeezing	out	blocking		
squirrel	away	hide		
squirreled	away	hid 		
stack	up	compare 		
stacked	up	comparable		
stacking	up	comparable		
stacks	up	comparable		
stagger	out	stagger		
staggered	off	staggered		
staggered	out	staggered		
staggering	out	staggered		
staggers	out	staggers		
stall	out	stall		
stalled	out	stalled		
stammered	out	stammered		
stamp	out	remove		
stamped	out	removed		
stamping	out	removing		
stand	* up	stand		
stand	about	stand		
stand	apart	disassociate		
stand	around	stand		
stand	by	wait		
stand	for	value		
stand	out	unique		
stand	up for	protect		
stand	up to	confront		
standing	about	loitering		
standing	apart	divided		
standing	around	loitering		
standing	out	distinguished		
stands	about	loiters		
stands	apart	distinguishes		
stands	around	loiters		
stands	out	distinguishes		
stare	down	stares		
stare	off	stares		
stared	down	stares		
stared	off	stared		
stares	down	stared		
staring	down	staring		
staring	off	staring		
start	off	start		
started	off	started		
started	up	starting		
starting	off	starting		
starting	up	starting		
starts	off	starts		
starts	up	starts		
stave	off	thwart		
staved	off	thwarted		
staving	off	starving		
stay	off	avoid		
stay	out	avoid		
stay	over	stay		
stay	up	remained awake		
stayed	off	remained away		
stayed	up	remained awake		
staying	off	remained awake		
staying	up	remaining awake		
step	down	resign	descend	
step	off	descend		
step	out	exit		
step	up	ascend	increase	
stepped	down	resigned	descended	
stepped	off	exited		
stepped	out	exited		
stepped	up	ascend	increased	
stepping	down	resigning	descending	
stepping	off	exiting		
stepping	out	exiting		
stepping	up	ascending	increasing	
steps	down	resigns	descends	
steps	off	exits		
steps	out	exits		
steps	up	ascends	increases	
stick	it to	stay		
stick	out	persist		
stick	to	stick		
stick	up	raise		
stick	up for	protect		
sticking	out	distinguishing		
sticking	up	raising		
sticks	out	distinguishes		
sticks	up	protrudes		
stiffen	up	stiffens		
stink	up	stinks		
stinking	up	stinking		
stir	up	stir		
stirred	up	stirred		
stirring	up	stirring		
stirs	up	stirs	creates	
stitched	up	stiched	fixed	
stock	up	increase inventory		
stocked	up	increased inventory		
stocking	up	increasing inventory		
stocks	up	increases inventory		
stomped	off	left angrily		
stomped	out	crushed	removed	
stomps	off	left angrily		
stood	about	loiter		
stood	apart	separated		
stood	up	stood		
stop	off	stopped		
stopped	off	stopped		
stopped	up	clogged		
stopping	off	stopped		
store	up	stocked		
stored	up	stocked		
stores	up	stocks		
storm	off	left angrily		
storm	out	left angrily		
stormed	off	left angrily		
stormed	out	left angrily		
storming	out	leaving angrily		
storms	off	leaves angrily		
storms	out	leaves angrily		
stow	away	hide		
stowed	away	hid 		
straight	up	direct		
straighten	out	fix		
straighten	up	fix	clean	
straightened	out	fix		
straightened	up	cleaned		
straightening	out	fixing		
straightening	up	cleaning		
straightens	out	fixes		
straightens	up	cleans		
stream	out	stream		
streamed	out	streamed		
streaming	out	streaming		
stress	out	stresses		
stressed	out	stressed		
stressing	out	stressing		
stretch	out	stretch		
stretched	out	streched		
stretches	out	stretches		
stretching	out	stretching		
strip	off	remove		
strip	out	remove		
stripped	down	stripped		
stripped	off	removed		
stripped	out	removed		
stripping	down	removing		
stripping	off	removing		
strips	down	strips		
strips	off	strips		
strode	off	meandered		
stroll	about	meandered		
stroll	up	approach		
strolled	up	approached		
strolling	up	approaching		
struck	off	eliminate		
struck	out	eliminate		
struck	up	initiated		
strung	out	stoned		
stub	out	outline		
stubbed	out	outlined		
stubs	out	outlines		
stuck	out	distinguished		
stumble	out	stumbles		
stumbled	off	stumbled		
stumbled	out	stumbled		
stumbles	out	stubmles		
stumbling	out	stumbling		
suck	up	inhale		
sucked	up	inhaled		
sucking	up	inhaling		
sucks	up	inhales		
sum	up	add		
summed	up	added		
summing	up	concluding		
summon	up	summon		
summoned	up	summoned		
summoning	up	summoning		
summons	up	summons		
swallow	up	swallows		
swallowed	up	swallowed		
swallowing	up	swallowing		
swallows	up	swallows		
swap	out	swap		
swapped	out	swapped		
swapping	out	swapping		
sweat	off	shed		
sweat	out	perspire		
sweating	out	perspiring		
sweep	out	sweep		
sweep	up	sweep		
sweeping	out	sweeping		
sweeping	up	sweeping		
sweeps	out	sweeps		
sweeps	up	sweeps		
swell	up	swell		
swelled	up	swelled		
swelling	up	swelling		
swells	up	swells		
swept	off	swept		
swept	out	swept		
swept	up	swept		
swim	out	swim		
swim	up	swim		
swimming	out	swimming		
swimming	up	swimming		
swing	out	swing		
swing	up	swing		
swinging	out	swinging		
swinging	up	swinging		
swings	out	swings		
swings	up	swings		
swirled	about	swirled		
swirled	up	swirled		
swirling	about	swirling		
switch	off	terminate		
switch	up	change		
switched	off	terminated		
switches	off	terminates		
switching	off	terminating		
swollen	up	swells		
swooped	up	got		
swore	off	abandoned		
sworn	off	abandoned		
swung	about	swung		
tail	off	taper		
tailed	off	tapered		
tails	off	tapers		
take	* away	take		
take	* back	reclaim		
take	* down	annihilate		
take	* for	take		
take	* in	shelter		
take	* off	undress		
take	* out	take	date	
take	* over	annex		
take	* up	start		
take	after	emulate		
take	apart	dismantle		
take	in	accomodate		
take	off	leave		
take	on	accept		
take	over	annex		
take	up	try		
taken	apart	disassembled		
taken	away	removed		
taken	off	removed		
taken	out	removed		
taken	up	initiated		
takes	off	departs	grows	
takes	out	removes		
takes	up	adopts		
taking	apart	disassembles		
taking	off	departing	growing	
taking	out	removing		
taking	up	adopting		
talk	* over	discuss		
talk	back	respond		
talk	back to	respond		
talk	down	patronize		
talk	out	discuss		
talk	up	compliment 	talk	
talked	out	dissuaded		
talked	up	complimented	talked	
talking	out	discussing		
talking	up	complimenting	talking	
tallied	up	tallied		
tally	up	tally		
tallying	up	tallying		
tangled	up	tanlged		
tap	out	tire	tap	
tape	off	separate		
tape	up	tape		
taped	off	separated		
taped	up	taped		
taper	off	diminish		
tapered	off	diminished		
tapering	off	diminishing		
tapers	off	diminishes		
tapped	out	exhausted		
tapping	out	tiring		
taps	out	tires		
team	up	ally		
teamed	up	allied		
teaming	up	allying		
teams	up	allies		
tear	* down	destroy		
tear	* up	shred		
tear	off	remove		
tear	out	remove		
teared	up	shreded		
tearing	off	removing		
tearing	out	removing		
tearing	up	shreding		
tears	off	removes		
tears	out	removes		
tears	up	shreds		
tease	out	discover		
teased	out	discovered		
teasing	out	discovering		
tee	off	initiate 		
tee	up	initiate		
teed	off	initiated		
teed	up	initiated		
teeing	off	initiating		
teeing	up	initiating		
tell	* off	reprimand		
tell	on	tattle		
tense	up	frense		
tensed	up	frensed		
tenses	up	frenses		
think	* over	contemplate		
think	* through	contemplate		
think	* up	plan		
thinking	up	imagining		
thrashed	about	thrashed		
thrashing	about	thrashing		
threw	away	discarded		
threw	off	dispel		
threw	out	discarded		
throw	* away	discard		
throw	* out	discard		
throw	around	throw		
throw	back	throw		
throw	off	dispense		
throw	up	vomit		
throwing	around	considering	throwing	
throwing	away	discarding		
throwing	back	returning		
throwing	off	dispensing		
throwing	out	dispensing		
throwing	up	vomitting		
thrown	around	considered	thrown	
thrown	away	discarded		
thrown	back	return		
thrown	off	ejected		
thrown	out	discarded		
thrown	up	vomitted		
throws	away	discards		
throws	back	returns		
throws	off	emits		
throws	out	emits		
throws	up	vomits		
tick	away	dwindle		
tick	off	anger		
ticked	away	dwindled		
ticked	off	angered		
ticking	away	dwindling		
ticking	off	angering		
ticks	off	angers		
tidied	up	cleaned		
tidy	up	clean 		
tidying	up	cleaning		
tie	* up	tie		
tie	off	tie		
tie	up	tie		
tied	off	tied		
tied	up	tied		
ties	up	ties		
tighten	up	tighten		
tightened	up	tightened		
tightening	up	tightening		
tightens	up	tightens		
tilt	up	tilt		
tilted	up	tilted		
tilts	up	tilts		
tip	off	inform		
tip	up	tip		
tipped	off	informed		
tipped	up	tipped		
tipping	off	informing		
tips	off	informs		
tire	* out	tire		
tone	up	tone		
took	apart	disassemble		
took	out	remove		
took	up	adopt		
top	off	complete	fill	
top	out	climax		
topped	off	completed	filled	
topped	out	climaxed		
topping	off	completing	filling	
topping	out	climaxing		
tops	off	completes	fills	
tops	out	climaxes		
tore	off	remove		
tore	out	remove		
tore	up	shred		
torn	off	removed		
torn	out	removed		
torn	up	shreded		
toss	around	consider	toss	
toss	away	discard		
toss	off	toss		
toss	out	discard		
tossed	about	considered	tossed	
tossed	around	considered	tossed	
tossed	away	discarded		
tossed	off	tossed		
tossed	out	discarded		
tossed	up	tossed		
tosses	out	discards		
tossing	around	tossing		
tossing	off	tossing		
tossing	out	discarding		
tossing	up	tossing		
total	up	add		
touch	* up	restore		
touch	off	initiate		
touch	on	touch		
touch	up	restore		
touched	off	initiated		
touched	up	restored		
touching	up	restoring		
toughen	up	harden		
toughened	up	hardened		
towel	off	dry		
toweled	off	dried		
toweling	off	drying		
track	down	find		
trade	off	trade		
trade	up	improve		
traded	off	improved		
traded	up	improved		
trading	off	trading		
trading	up	improving		
trail	off	diminish		
trailed	off	diminished		
trailing	off	diminishing		
trails	off	diminishes		
transfer	out	transfer		
transferred	out	transferred		
transition	out	transition		
trek	up	travel		
trickle	out	trickle		
trickled	out	trickled		
trickling	out	trickling		
tried	out	tried		
tries	out	tries		
trim	off	trim		
trip	off	trip		
trip	up	trip		
tripped	up	tripped		
trips	up	trips		
trots	off	trots		
trotted	off	departed		
trotted	up	trotted		
truck	off	haul		
trudge	up	approach		
trudged	off	wandered		
trudged	up	approached		
trudging	up	approaching		
try	* on	wear		
try	* out	try		
tuck	away	hide		
tucked	away	hid		
tumble	off	fall		
tumbled	off	fell		
tumbles	off	falls		
tumbling	off	falling		
tune	up	optimize		
tuned	up	optimized		
tuning	up	preparing		
turn	* around	turn		
turn	* away	send off		
turn	* down	decrease		
turn	* in	give		
turn	* off	start		
turn	* on	stop		
turn	* out	show up		
turn	* over	turn		
turn	* up	find		
turn	in	hand over		
turn	into	transform		
turn	on	mutiny		
turn	out	show up		
turn	up	find		
turned	away	declined	turned	
turned	down	declined	lowered	
turned	off	stopped		
turned	out	became evident		
turned	up	increased		
turning	away	declining		
turning	down	lowering		
turning	off	stopping		
turning	out	becoming evident	creating	
turning	up	increasing		
turns	away	declines		
turns	down	lowers		
turns	off	stops		
turns	out	becomes evident		
turns	up	increases		
twisted	up	twisted		
tying	off	tying		
use	* up	utilize		
used	up	consumed		
uses	up	consumes		
usher	in	commence		
ushered	in	commenced		
ushering	in	commencing		
ushers	in	commences		
using	up	consuming		
veer	away from	stray		
veer	off	veer		
veered	off	veered		
veering	off	veering		
veers	off	veers		
vote	down	reject		
voted	down	reject		
wait	on	tend to		
wait	up	wait		
wait	up for	wait		
waited	around	waited		
waited	up	awaited		
waiting	around	waiting		
waiting	up	stayed awake		
wake	* up	start		
wake	up	awaken		
waked	up	awoke		
wakes	up	awakes		
waking	up	awoke		
walk	about	walks		
walk	around	walks		
walk	off	exit		
walk	up	approach		
walked	about	walked		
walked	around	meandered		
walked	off	exited		
walked	up	approached		
walking	about	meandering		
walking	around	walking		
walking	off	exiting		
walking	up	approaching		
walks	about	walks		
walks	around	walks		
walks	off	exits		
walks	up	approaches		
wall	off	separate		
walled	off	separated		
walled	up			
wander	about	wander		
wander	around	wander		
wander	off	wander		
wander	up	approach		
wandered	about	wander		
wandered	around	wandered		
wandered	off	wandered		
wandered	up	approached		
wandering	about	wandering		
wandering	around	wandering		
wandering	off	leaving		
wanders	around	wanders		
wanders	off	leaves		
ward	off	deter		
warded	off	detered		
warding	off	deterring		
wards	off	deters		
warm	up	prepare		
warmed	up	prepared		
warming	up	preparing		
warms	up	prepares		
warned	off	warned		
was	off	left		
wash	* up	wash		
wash	off	clean		
washed	off	cleaned		
washed	up	cleaned		
washes	off	cleans		
washes	up	cleans		
washing	off	cleaning		
washing	up	cleaning		
watch	out	look		
watch	out for	look		
water	down	weaken		
watered	down	weakened		
watering	down	weakening		
wave	off	gesture goodbye		
waved	off	gestured goodbye		
waves	off	gestures goodbye		
waving	off	gesturing goodbye		
wear	* out	tire		
wear	down	tire		
wear	off	fade		
wearing	down	tiring		
wears	down	tires		
weed	out	filter		
weeded	out	filtered		
weeding	out	filtering		
weeds	out	filters		
weighed	down	burdened		
weighing	down	burdening		
weighted	down	weighted		
whip	around	turn		
whipped	around	turned		
whipping	around	turning		
whips	around	turns		
whisk	away	remove		
whisked	away	removed		
whittle	away	reduce		
whittle	down	reduce		
whittled	away	reduced		
whittled	down	reduced		
whittling	away	reducing		
whittling	down	reducing		
wind	* up	wind		
wind	down	finish		
wind	up	wind		
winding	down	finishing		
winds	up	becomes		
wipe	* out	crash		
wipe	away	remove		
wipe	off	wipe		
wipe	out	crash		
wipe	up	wipe		
wiped	away	removed		
wiped	off	wiped		
wiped	out	crashed		
wiped	up	cleaned		
wipes	away	removes		
wipes	off	wipes		
wipes	out	crashes		
wiping	away	removing		
wiping	off	wiping		
wiping	out	crashing		
wiping	up	cleaning	winning	
wire	up	wire		
wired	up	wired		
wise	up	act smarter		
wised	up	acted smarter		
woke	up	awoke		
woken	up	awoken		
wore	off	faded		
work	* out	figure		
work	around	bypass		
work	in	work		
work	off	remove		
work	out	exercise		
work	up	create		
worked	around	bypassed		
worked	off	paid		
worked	out	solved	exercised	
worked	up	excite		
working	around	bypassing		
working	off	paying		
working	out	exercising		
works	around	bypasses		
works	off	pays		
works	out	exercises		
worn	down	tired		
worn	off	faded		
worn	out	tired		
worse	off	worse		
wrap	up	wrap	finish	
wrapped	around	wrapped		
wrapped	up	completed		
wrapping	up	completing		
wraps	up	completes		
wrinkled	up	wrinkled		
write	* down	write		
write	* out	write		
write	* up	reprimand		
write	off	disregard		
writes	down	write		
writes	out	writes		
writing	down	writing		
writing	off	disregarding		
writing	out	writing		
writing	up	writing		
written	down	written		
written	off	disregarded		
written	out	written		
written	up	written		
wrote	down	wrote		
wrote	off	disregarded		
wrote	out	wrote		
wrote	up	wrote		
yak	on	chatter		
yak	on about	chatter		
yammer	on	chatter		
yammer	on about	chatter		
yank	out	pull		
yanked	off	removed		
yanked	out	pulled		
yanked	up	yanked		
yanking	out	pulling		
yanks	out	pulls		
yell	out	yell		
yelled	out	yelled		
yelling	out	yelling		
yells	out	yells		
zero	in on	pinpoint		
zeroed	in	pinpointed		
zeroes	in	pinpoints		
zeroing	in	pinpointing		
zeros	in	pinpoints		
zip	around	hurry		
zip	up	zip		
zipped	up	zipped		
zipping	up	zipping		
zips	up	zips		
zone	in	includes		
zone	out	daydream		
zoned	out	excluded		
zones	in	includes		
zoning	in	including		
zoning	out	eliminating		
zonk	out	disorient		
zoom	in	zoom		
zoom	in on	zoom		
zoomed	in	magnified		
zooming	in	magnifying		
zooms	in	magnifies		